{"timestamp":"2025-07-11T14:40:02.737423157Z","source":{"id":"cli/no-code-found","name":"No Python code found"},"markdownMessage":"CodeQL did not detect any code written in languages supported by this CodeQL distribution (C/C++, Python, Rust, XML, Ruby, Swift, C#, YAML, CSV, GitHub Actions, JavaScript/TypeScript, Go, HTML, Java Properties Files or Java/Kotlin). Confirm that there is some source code for one of these languages in the project. For more information, review our [troubleshooting guide](https://gh.io/troubleshooting-code-scanning/no-source-code-seen-during-build).","plaintextMessage":"CodeQL did not detect any code written in languages supported by this CodeQL distribution (C/C++, Python, Rust, XML, Ruby, Swift, C#, YAML, CSV, GitHub Actions, JavaScript/TypeScript, Go, HTML, Java Properties Files or Java/Kotlin). Confirm that there is some source code for one of these languages in the project. For more information, review our troubleshooting guide at https://gh.io/troubleshooting-code-scanning/no-source-code-seen-during-build .","helpLinks":["https://gh.io/troubleshooting-code-scanning/no-source-code-seen-during-build"],"severity":"error","visibility":{"cliSummaryTable":true,"statusPage":true,"telemetry":true}}
